INSERT INTO study_tracker.students (student_id, name, university, major,year) VALUES ( 1, 'John Smith', 'MIT', 'applied math', 4);
INSERT INTO study_tracker.students (student_id, name, university, major,year) VALUES ( 2, 'Lia Lee', 'MIPT', 'biology', 2);
INSERT INTO study_tracker.students (student_id, name, university, major,year) VALUES ( 3, 'Mohammed Ali', 'Hofstra', 'archaeology', 1);
INSERT INTO study_tracker.students (student_id, name, university, major,year) VALUES ( 4, 'Sima Lee', 'MIPT', 'computer science', 3);
INSERT INTO study_tracker.students (student_id, name, university, major,year) VALUES ( 5, 'Sara Manolli', 'Hofstra', 'chemistry', 1);
INSERT INTO study_tracker.students (student_id, name, university, major,year) VALUES ( 6, 'Suzan Tom', 'MIPT', 'applied math', 2);
INSERT INTO study_tracker.students (student_id, name, university, major,year) VALUES ( 7, 'Temothy Manolli', 'Padova', 'data analysis', 4);
INSERT INTO study_tracker.students (student_id, name, university, major,year) VALUES ( 8, 'Lana Bart', 'Hofstra', 'applied math', 4);
INSERT INTO study_tracker.students (student_id, name, university, major,year) VALUES ( 9, 'Natasha Polin', 'MIPT', 'biology', 4);
INSERT INTO study_tracker.students (student_id, name, university, major,year) VALUES ( 10, 'Maya Sol', 'MIPT', 'computer science', 2);
INSERT INTO study_tracker.students (student_id, name, university, major,year) VALUES ( 11, 'Nara Starry',  'MIT', 'archaeology', 1);
INSERT INTO study_tracker.students (student_id, name, university, major,year) VALUES ( 12, 'Liza Nash',  'MIT', 'data analysis', 2);
INSERT INTO study_tracker.students (student_id, name, university, major,year) VALUES ( 13, 'Adam smith', 'Hofstra', 'chemistry', 2);
INSERT INTO study_tracker.students (student_id, name, university, major,year) VALUES ( 14, 'Tim Tomson',  'MIT', 'computer science', 1);
INSERT INTO study_tracker.students (student_id, name, university, major,year) VALUES ( 15, 'Ahmad Ahmad', 'MIPT', 'computer science', 4);

INSERT INTO study_tracker.Courses (course_id, name, teacher, major,year) VALUES ( 1, 'math 1', 'Katrina Marie', 'applied math', 1);
INSERT INTO study_tracker.Courses (course_id, name, teacher, major,year) VALUES ( 2, 'math 2', 'Katrina Marie', 'applied math', 2);
INSERT INTO study_tracker.Courses (course_id, name, teacher, major,year) VALUES ( 3, 'logic', 'Alex Bon', 'applied math', 1);
INSERT INTO study_tracker.Courses (course_id, name, teacher, major,year) VALUES ( 4, 'physics 1', 'Conor Bon', 'biology', 2);
INSERT INTO study_tracker.Courses (course_id, name, teacher, major,year) VALUES ( 5, 'fossils ', 'Elina Alta', 'archaeology', 1);
INSERT INTO study_tracker.Courses (course_id, name, teacher, major,year) VALUES ( 6, 'organic chemistry', 'Elina Alta', 'biology', 1);
INSERT INTO study_tracker.Courses (course_id, name, teacher, major,year) VALUES ( 7, 'organic chemistry', 'Elina Alta', 'chemistry', 1);
INSERT INTO study_tracker.Courses (course_id, name, teacher, major,year) VALUES ( 8, 'economy', 'Arnold Smith', 'data analysis', 3);
INSERT INTO study_tracker.Courses (course_id, name, teacher, major,year) VALUES ( 9, 'scientific research', 'Anna Nash', 'computer science', 4);
INSERT INTO study_tracker.Courses (course_id, name, teacher, major,year) VALUES ( 10, 'scientific research', 'Anna Nash', 'data analysis', 4);
INSERT INTO study_tracker.Courses (course_id, name, teacher, major,year) VALUES ( 11, 'sciintific research', 'Anna Nash', 'biology', 4);
INSERT INTO study_tracker.Courses (course_id, name, teacher, major,year) VALUES ( 12, 'PE', 'Conor MCgee', 'computer science', 2);
INSERT INTO study_tracker.Courses (course_id, name, teacher, major,year) VALUES ( 13, 'russian language', 'Olga Ivan', 'computer science', 3);
INSERT INTO study_tracker.Courses (course_id, name, teacher, major,year) VALUES ( 15, 'statistics', 'Nicolas Carlo', 'data analysis', 4);
INSERT INTO study_tracker.Courses (course_id, name, teacher, major,year) VALUES ( 14, 'statistics', 'Nicolas Carlo', 'computer science', 4);

INSERT INTO study_tracker.Sessions (Session_id, student_id, course_id, date, topic) VALUES ( 1, 4, 13, '2025-03-03', 'verbs');
INSERT INTO study_tracker.Sessions (Session_id, student_id, course_id, date, topic) VALUES ( 2, 7, 10, '2025-03-29', 'intoduction');
INSERT INTO study_tracker.Sessions (Session_id, student_id, course_id, date, topic) VALUES ( 3, 2, 4, '2025-03-29', 'object movement');
INSERT INTO study_tracker.Sessions (Session_id, student_id, course_id, date, topic) VALUES ( 4, 6, 2, '2025-03-18', 'integration');
INSERT INTO study_tracker.Sessions (Session_id, student_id, course_id, date, topic) VALUES ( 5, 3, 5, '2025-03-20', 'introduction');
INSERT INTO study_tracker.Sessions (Session_id, student_id, course_id, date, topic) VALUES ( 6, 11, 5, '2025-03-20', 'introduction');
INSERT INTO study_tracker.Sessions (Session_id, student_id, course_id, date, topic) VALUES ( 7, 5, 7, '2025-03-21', 'basics');
INSERT INTO study_tracker.Sessions (Session_id, student_id, course_id, date, topic) VALUES ( 8, 9, 11, '2025-03-21', 'basic research');
INSERT INTO study_tracker.Sessions (Session_id, student_id, course_id, date, topic) VALUES ( 9, 10, 12, '2025-04-1', 'running');
INSERT INTO study_tracker.Sessions (Session_id, student_id, course_id, date, topic) VALUES ( 10, 15, 14, '2025-04-1', 'basics');
INSERT INTO study_tracker.Sessions (Session_id, student_id, course_id, date, topic) VALUES ( 11, 15, 9, '2025-03-13', 'introduction');
INSERT INTO study_tracker.Sessions (Session_id, student_id, course_id, date, topic) VALUES ( 12, 3, 5, '2025-03-27', 'carbon dating');
INSERT INTO study_tracker.Sessions (Session_id, student_id, course_id, date, topic) VALUES ( 13, 11, 5, '2025-03-27', 'carbon dating');
INSERT INTO study_tracker.Sessions (Session_id, student_id, course_id, date, topic) VALUES ( 14, 3, 5, '2025-04-03', 'musume tour');
INSERT INTO study_tracker.Sessions (Session_id, student_id, course_id, date, topic) VALUES ( 15, 11, 5, '2025-04-03', 'musume tour');
INSERT INTO study_tracker.Sessions (Session_id, student_id, course_id, date, topic) VALUES ( 16, 4, 13, '2025-03-10', 'verbs 2');
INSERT INTO study_tracker.Sessions (Session_id, student_id, course_id, date, topic) VALUES ( 17, 4, 13, '2025-03-17', 'verbs 3');
INSERT INTO study_tracker.Sessions (Session_id, student_id, course_id, date, topic) VALUES ( 18, 4, 13, '2025-03-24', 'verbs 4');
INSERT INTO study_tracker.Sessions (Session_id, student_id, course_id, date, topic) VALUES ( 19, 7, 10, '2025-04-05', 'citing');
INSERT INTO study_tracker.Sessions (Session_id, student_id, course_id, date, topic) VALUES ( 20, 7, 10, '2025-04-12', 'how to make presentations');
INSERT INTO study_tracker.Sessions (Session_id, student_id, course_id, date, topic) VALUES ( 21, 2, 4, '2025-04-05', 'friction');
INSERT INTO study_tracker.Sessions (Session_id, student_id, course_id, date, topic) VALUES ( 22, 2, 4, '2025-04-13', 'acceleration');
INSERT INTO study_tracker.Sessions (Session_id, student_id, course_id, date, topic) VALUES ( 23, 6, 2, '2025-03-25', 'integration 2');
INSERT INTO study_tracker.Sessions (Session_id, student_id, course_id, date, topic) VALUES ( 24, 6, 2, '2025-03-25', 'integration 3');
INSERT INTO study_tracker.Sessions (Session_id, student_id, course_id, date, topic) VALUES ( 26, 5, 7, '2025-03-28', 'elements 2');
INSERT INTO study_tracker.Sessions (Session_id, student_id, course_id, date, topic) VALUES ( 27, 5, 7, '2025-04-04', 'elements 3');
INSERT INTO study_tracker.Sessions (Session_id, student_id, course_id, date, topic) VALUES ( 28, 9, 11, '2025-03-28', 'basic research 2');
INSERT INTO study_tracker.Sessions (Session_id, student_id, course_id, date, topic) VALUES ( 29, 9, 11, '2025-04-04', 'citing');
INSERT INTO study_tracker.Sessions (Session_id, student_id, course_id, date, topic) VALUES ( 30, 9, 11, '2025-04-04', 'citing 2');

INSERT INTO study_tracker.assignments (assignment_id, course_id, deadline, type) VALUES ( 1, 13, '2025-04-03', 'article');
INSERT INTO study_tracker.assignments (assignment_id, course_id, deadline, type) VALUES ( 2, 13, '2025-05-01', 'test');
INSERT INTO study_tracker.assignments (assignment_id, course_id, deadline, type) VALUES ( 3, 5, '2025-04-01', 'presentation');
INSERT INTO study_tracker.assignments (assignment_id, course_id, deadline, type) VALUES ( 4, 5, '2025-05-05', 'final test');
INSERT INTO study_tracker.assignments (assignment_id, course_id, deadline, type) VALUES ( 5, 5, '2025-05-25', 'retake');
INSERT INTO study_tracker.assignments (assignment_id, course_id, deadline, type) VALUES ( 6, 4, '2025-03-25', 'test 1');
INSERT INTO study_tracker.assignments (assignment_id, course_id, deadline, type) VALUES ( 7, 4, '2025-05-15', 'test 2');
INSERT INTO study_tracker.assignments (assignment_id, course_id, deadline, type) VALUES ( 8, 10, '2025-05-15', 'essay');
INSERT INTO study_tracker.assignments (assignment_id, course_id, deadline, type) VALUES ( 9, 10, '2025-05-30', 'final test');
INSERT INTO study_tracker.assignments (assignment_id, course_id, deadline, type) VALUES ( 10, 7, '2025-03-30', 'report');
INSERT INTO study_tracker.assignments (assignment_id, course_id, deadline, type) VALUES ( 11, 7, '2025-04-30', 'midterm');
INSERT INTO study_tracker.assignments (assignment_id, course_id, deadline, type) VALUES ( 12, 13, '2025-05-30', 'final test');
INSERT INTO study_tracker.assignments (assignment_id, course_id, deadline, type) VALUES ( 13, 2, '2025-03-30', 'test');
INSERT INTO study_tracker.assignments (assignment_id, course_id, deadline, type) VALUES ( 14, 2, '2025-04-30', 'test 2');
INSERT INTO study_tracker.assignments (assignment_id, course_id, deadline, type) VALUES ( 15, 2, '2025-05-30', 'final test');

INSERT INTO study_tracker.Ind_assignment (indas_id, assignment_id, student_id, grade) VALUES ( 1, 1, 4, 75);
INSERT INTO study_tracker.Ind_assignment (indas_id, assignment_id, student_id, grade) VALUES ( 2, 2, 4, NULL);
INSERT INTO study_tracker.Ind_assignment (indas_id, assignment_id, student_id, grade) VALUES ( 3, 3, 3, 25);
INSERT INTO study_tracker.Ind_assignment (indas_id, assignment_id, student_id, grade) VALUES ( 4, 3, 11, 85);
INSERT INTO study_tracker.Ind_assignment (indas_id, assignment_id, student_id, grade) VALUES ( 5, 4, 11, NULL);
INSERT INTO study_tracker.Ind_assignment (indas_id, assignment_id, student_id, grade) VALUES ( 6, 4, 3, NULL);
INSERT INTO study_tracker.Ind_assignment (indas_id, assignment_id, student_id, grade) VALUES ( 7, 6, 2, 82);
INSERT INTO study_tracker.Ind_assignment (indas_id, assignment_id, student_id, grade) VALUES ( 8, 10, 5, 72);
INSERT INTO study_tracker.Ind_assignment (indas_id, assignment_id, student_id, grade) VALUES ( 9, 13, 5, 65);
INSERT INTO study_tracker.Ind_assignment (indas_id, assignment_id, student_id, grade) VALUES ( 10, 14, 6, 87);
INSERT INTO study_tracker.Ind_assignment (indas_id, assignment_id, student_id, grade) VALUES ( 11, 15, 6, NULL);
INSERT INTO study_tracker.Ind_assignment (indas_id, assignment_id, student_id, grade) VALUES ( 12, 9, 7, NULL);
INSERT INTO study_tracker.Ind_assignment (indas_id, assignment_id, student_id, grade) VALUES ( 12, 9, 9, 55);
INSERT INTO study_tracker.Ind_assignment (indas_id, assignment_id, student_id, grade) VALUES ( 13, 5, 3, NULL);
INSERT INTO study_tracker.Ind_assignment (indas_id, assignment_id, student_id, grade) VALUES ( 14, 5, 11, NULL);
INSERT INTO study_tracker.Ind_assignment (indas_id, assignment_id, student_id, grade) VALUES ( 15, 11, 5, NULL);

INSERT INTO study_tracker.goals (goal_id, student_id, description) VALUES ( 1, 1, 'graduate with 4.0 gpa');
INSERT INTO study_tracker.goals (goal_id, student_id, description) VALUES ( 2, 1, 'finish my thesis early');
INSERT INTO study_tracker.goals (goal_id, student_id, description) VALUES ( 3, 2, 'do an internship in a lab');
INSERT INTO study_tracker.goals (goal_id, student_id, description) VALUES ( 4, 3, 'get better grades');
INSERT INTO study_tracker.goals (goal_id, student_id, description) VALUES ( 5, 4, 'learn safty prosedures');
INSERT INTO study_tracker.goals (goal_id, student_id, description) VALUES ( 6, 5, 'graduate early');
INSERT INTO study_tracker.goals (goal_id, student_id, description) VALUES ( 7, 6, 'get a scholarship');
INSERT INTO study_tracker.goals (goal_id, student_id, description) VALUES ( 8, 6, 'start an  internship');
INSERT INTO study_tracker.goals (goal_id, student_id, description) VALUES ( 9, 7, 'get a job');
INSERT INTO study_tracker.goals (goal_id, student_id, description) VALUES ( 10, 8, 'master abroad');
INSERT INTO study_tracker.goals (goal_id, student_id, description) VALUES ( 11, 8, 'travel');
INSERT INTO study_tracker.goals (goal_id, student_id, description) VALUES ( 12, 9, 'publish my first paper');
INSERT INTO study_tracker.goals (goal_id, student_id, description) VALUES ( 13, 9, 'get a grant');
INSERT INTO study_tracker.goals (goal_id, student_id, description) VALUES ( 14, 15, 'start teaching');
INSERT INTO study_tracker.goals (goal_id, student_id, description) VALUES ( 15, 10, 'finish the semester before it finishes me');
